-- phpMyAdmin SQL Dump
-- version 4.5.1
-- http://www.phpmyadmin.net
--
-- Host: 127.0.0.1
-- Generation Time: 30-Dez-2016 às 02:09
-- Versão do servidor: 10.1.19-MariaDB
-- PHP Version: 5.6.28

SET SQL_MODE = "NO_AUTO_VALUE_ON_ZERO";
SET time_zone = "+00:00";


/*!40101 SET @OLD_CHARACTER_SET_CLIENT=@@CHARACTER_SET_CLIENT */;
/*!40101 SET @OLD_CHARACTER_SET_RESULTS=@@CHARACTER_SET_RESULTS */;
/*!40101 SET @OLD_COLLATION_CONNECTION=@@COLLATION_CONNECTION */;
/*!40101 SET NAMES utf8mb4 */;

--
-- Database: `ciccr`
--

-- --------------------------------------------------------

--
-- Estrutura da tabela `exchangentries`
--

CREATE TABLE `exchangentries` (
  `idRecord` int(21) NOT NULL,
  `IdUser` int(11) NOT NULL,
  `idSchedule` int(11) NOT NULL,
  `scheduledate` date NOT NULL,
  `idManager` int(11) NOT NULL,
  `entryDate` timestamp NOT NULL DEFAULT CURRENT_TIMESTAMP
) ENGINE=InnoDB DEFAULT CHARSET=latin1;

--
-- Extraindo dados da tabela `exchangentries`
--

INSERT INTO `exchangentries` (`idRecord`, `IdUser`, `idSchedule`, `scheduledate`, `idManager`, `entryDate`) VALUES
(397, 47, 1, '2016-12-30', 43, '2016-12-30 00:34:37'),
(398, 47, 4, '2016-12-30', 43, '2016-12-30 00:34:37'),
(399, 47, 5, '2016-12-31', 43, '2016-12-30 00:34:37'),
(400, 47, 6, '2017-01-01', 43, '2016-12-30 00:34:37'),
(401, 47, 7, '2017-01-02', 43, '2016-12-30 00:34:37'),
(402, 47, 3, '2017-01-03', 43, '2016-12-30 00:34:37'),
(403, 47, 2, '2017-01-04', 43, '2016-12-30 00:34:37'),
(404, 47, 1, '2017-01-05', 43, '2016-12-30 00:34:37'),
(405, 47, 4, '2017-01-05', 43, '2016-12-30 00:34:38'),
(406, 47, 5, '2017-01-06', 43, '2016-12-30 00:34:38'),
(407, 47, 6, '2017-01-07', 43, '2016-12-30 00:34:38'),
(408, 47, 7, '2017-01-08', 43, '2016-12-30 00:34:38'),
(409, 47, 3, '2017-01-09', 43, '2016-12-30 00:34:38'),
(410, 47, 2, '2017-01-10', 43, '2016-12-30 00:34:38'),
(411, 47, 1, '2017-01-11', 43, '2016-12-30 00:34:38'),
(412, 47, 4, '2017-01-11', 43, '2016-12-30 00:34:38'),
(413, 47, 5, '2017-01-12', 43, '2016-12-30 00:34:38'),
(414, 47, 6, '2017-01-13', 43, '2016-12-30 00:34:38'),
(415, 47, 7, '2017-01-14', 43, '2016-12-30 00:34:38'),
(416, 47, 3, '2017-01-15', 43, '2016-12-30 00:34:38'),
(417, 47, 2, '2017-01-16', 43, '2016-12-30 00:34:38'),
(418, 47, 1, '2017-01-17', 43, '2016-12-30 00:34:38'),
(419, 47, 4, '2017-01-17', 43, '2016-12-30 00:34:38'),
(420, 47, 5, '2017-01-18', 43, '2016-12-30 00:34:38'),
(421, 47, 6, '2017-01-19', 43, '2016-12-30 00:34:38'),
(422, 47, 7, '2017-01-20', 43, '2016-12-30 00:34:38'),
(423, 47, 3, '2017-01-21', 43, '2016-12-30 00:34:38'),
(424, 47, 2, '2017-01-22', 43, '2016-12-30 00:34:38'),
(425, 47, 1, '2017-01-23', 43, '2016-12-30 00:34:39'),
(426, 47, 4, '2017-01-23', 43, '2016-12-30 00:34:39'),
(427, 47, 5, '2017-01-24', 43, '2016-12-30 00:34:39'),
(428, 47, 6, '2017-01-25', 43, '2016-12-30 00:34:39'),
(429, 47, 7, '2017-01-26', 43, '2016-12-30 00:34:39'),
(430, 47, 3, '2017-01-27', 43, '2016-12-30 00:34:39'),
(431, 47, 2, '2017-01-28', 43, '2016-12-30 00:34:39'),
(432, 47, 1, '2017-01-29', 43, '2016-12-30 00:34:39'),
(433, 47, 4, '2017-01-29', 43, '2016-12-30 00:34:39'),
(434, 47, 5, '2017-01-30', 43, '2016-12-30 00:34:39'),
(435, 48, 1, '2016-12-30', 43, '2016-12-30 00:34:39'),
(436, 48, 4, '2016-12-30', 43, '2016-12-30 00:34:39'),
(437, 48, 5, '2016-12-31', 43, '2016-12-30 00:34:39'),
(438, 48, 6, '2017-01-01', 43, '2016-12-30 00:34:39'),
(439, 48, 7, '2017-01-02', 43, '2016-12-30 00:34:39'),
(440, 48, 3, '2017-01-03', 43, '2016-12-30 00:34:39'),
(441, 48, 2, '2017-01-04', 43, '2016-12-30 00:34:39'),
(442, 48, 1, '2017-01-05', 43, '2016-12-30 00:34:39'),
(443, 48, 4, '2017-01-05', 43, '2016-12-30 00:34:39'),
(444, 48, 5, '2017-01-06', 43, '2016-12-30 00:34:39'),
(445, 48, 6, '2017-01-07', 43, '2016-12-30 00:34:39'),
(446, 48, 7, '2017-01-08', 43, '2016-12-30 00:34:39'),
(447, 48, 3, '2017-01-09', 43, '2016-12-30 00:34:40'),
(448, 48, 2, '2017-01-10', 43, '2016-12-30 00:34:40'),
(449, 48, 1, '2017-01-11', 43, '2016-12-30 00:34:40'),
(450, 48, 4, '2017-01-11', 43, '2016-12-30 00:34:40'),
(451, 48, 5, '2017-01-12', 43, '2016-12-30 00:34:40'),
(452, 48, 6, '2017-01-13', 43, '2016-12-30 00:34:40'),
(453, 48, 7, '2017-01-14', 43, '2016-12-30 00:34:40'),
(454, 48, 3, '2017-01-15', 43, '2016-12-30 00:34:40'),
(455, 48, 2, '2017-01-16', 43, '2016-12-30 00:34:40'),
(456, 48, 1, '2017-01-17', 43, '2016-12-30 00:34:40'),
(457, 48, 4, '2017-01-17', 43, '2016-12-30 00:34:40'),
(458, 48, 5, '2017-01-18', 43, '2016-12-30 00:34:40'),
(459, 48, 6, '2017-01-19', 43, '2016-12-30 00:34:40'),
(460, 48, 7, '2017-01-20', 43, '2016-12-30 00:34:40'),
(461, 48, 3, '2017-01-21', 43, '2016-12-30 00:34:40'),
(462, 48, 2, '2017-01-22', 43, '2016-12-30 00:34:40'),
(463, 48, 1, '2017-01-23', 43, '2016-12-30 00:34:40'),
(464, 48, 4, '2017-01-23', 43, '2016-12-30 00:34:40'),
(465, 48, 5, '2017-01-24', 43, '2016-12-30 00:34:40'),
(466, 48, 6, '2017-01-25', 43, '2016-12-30 00:34:40'),
(467, 48, 7, '2017-01-26', 43, '2016-12-30 00:34:41'),
(468, 48, 3, '2017-01-27', 43, '2016-12-30 00:34:41'),
(469, 48, 2, '2017-01-28', 43, '2016-12-30 00:34:41'),
(470, 48, 1, '2017-01-29', 43, '2016-12-30 00:34:41'),
(471, 48, 4, '2017-01-29', 43, '2016-12-30 00:34:41'),
(472, 48, 5, '2017-01-30', 43, '2016-12-30 00:34:41'),
(473, 43, 1, '2016-12-30', 43, '2016-12-30 00:34:41'),
(474, 43, 4, '2016-12-30', 43, '2016-12-30 00:34:41'),
(475, 43, 5, '2016-12-31', 43, '2016-12-30 00:34:41'),
(476, 43, 6, '2017-01-01', 43, '2016-12-30 00:34:41'),
(477, 43, 7, '2017-01-02', 43, '2016-12-30 00:34:41'),
(478, 43, 3, '2017-01-03', 43, '2016-12-30 00:34:41'),
(479, 43, 2, '2017-01-04', 43, '2016-12-30 00:34:41'),
(480, 43, 1, '2017-01-05', 43, '2016-12-30 00:34:41'),
(481, 43, 4, '2017-01-05', 43, '2016-12-30 00:34:41'),
(482, 43, 5, '2017-01-06', 43, '2016-12-30 00:34:41'),
(483, 43, 6, '2017-01-07', 43, '2016-12-30 00:34:41'),
(484, 43, 7, '2017-01-08', 43, '2016-12-30 00:34:41'),
(485, 43, 3, '2017-01-09', 43, '2016-12-30 00:34:41'),
(486, 43, 2, '2017-01-10', 43, '2016-12-30 00:34:41'),
(487, 43, 1, '2017-01-11', 43, '2016-12-30 00:34:41'),
(488, 43, 4, '2017-01-11', 43, '2016-12-30 00:34:41'),
(489, 43, 5, '2017-01-12', 43, '2016-12-30 00:34:41'),
(490, 43, 6, '2017-01-13', 43, '2016-12-30 00:34:42'),
(491, 43, 7, '2017-01-14', 43, '2016-12-30 00:34:42'),
(492, 43, 3, '2017-01-15', 43, '2016-12-30 00:34:42'),
(493, 43, 2, '2017-01-16', 43, '2016-12-30 00:34:42'),
(494, 43, 1, '2017-01-17', 43, '2016-12-30 00:34:42'),
(495, 43, 4, '2017-01-17', 43, '2016-12-30 00:34:42'),
(496, 43, 5, '2017-01-18', 43, '2016-12-30 00:34:42'),
(497, 43, 6, '2017-01-19', 43, '2016-12-30 00:34:42'),
(498, 43, 7, '2017-01-20', 43, '2016-12-30 00:34:42'),
(499, 43, 3, '2017-01-21', 43, '2016-12-30 00:34:42'),
(500, 43, 2, '2017-01-22', 43, '2016-12-30 00:34:42'),
(501, 43, 1, '2017-01-23', 43, '2016-12-30 00:34:42'),
(502, 43, 4, '2017-01-23', 43, '2016-12-30 00:34:42'),
(503, 43, 5, '2017-01-24', 43, '2016-12-30 00:34:42'),
(504, 43, 6, '2017-01-25', 43, '2016-12-30 00:34:42'),
(505, 43, 7, '2017-01-26', 43, '2016-12-30 00:34:42'),
(506, 43, 3, '2017-01-27', 43, '2016-12-30 00:34:42'),
(507, 43, 2, '2017-01-28', 43, '2016-12-30 00:34:42'),
(508, 43, 1, '2017-01-29', 43, '2016-12-30 00:34:42'),
(509, 43, 4, '2017-01-29', 43, '2016-12-30 00:34:42'),
(510, 43, 5, '2017-01-30', 43, '2016-12-30 00:34:42');

-- --------------------------------------------------------

--
-- Estrutura da tabela `exchanges`
--

CREATE TABLE `exchanges` (
  `idRecord` int(21) NOT NULL,
  `idOwner` int(11) NOT NULL,
  `idManager` int(11) NOT NULL,
  `idOccupier` int(11) NOT NULL,
  `idScheduleOwner` int(11) NOT NULL,
  `idScheduleOccupier` int(11) NOT NULL,
  `scheduleDateOwner` date NOT NULL,
  `scheduleDateOccupier` date NOT NULL,
  `entryDate` timestamp NOT NULL DEFAULT CURRENT_TIMESTAMP
) ENGINE=InnoDB DEFAULT CHARSET=latin1;

--
-- Extraindo dados da tabela `exchanges`
--

INSERT INTO `exchanges` (`idRecord`, `idOwner`, `idManager`, `idOccupier`, `idScheduleOwner`, `idScheduleOccupier`, `scheduleDateOwner`, `scheduleDateOccupier`, `entryDate`) VALUES
(397, 43, 43, 47, 4, 1, '2017-01-05', '2017-01-17', '2016-12-30 00:35:54');

-- --------------------------------------------------------

--
-- Estrutura da tabela `groupentries`
--

CREATE TABLE `groupentries` (
  `idRecord` int(11) NOT NULL,
  `IdGroup` int(11) NOT NULL,
  `idSchedule` int(11) NOT NULL,
  `scheduleDate` date NOT NULL,
  `entryDate` timestamp NOT NULL DEFAULT CURRENT_TIMESTAMP
) ENGINE=InnoDB DEFAULT CHARSET=latin1;

--
-- Extraindo dados da tabela `groupentries`
--

INSERT INTO `groupentries` (`idRecord`, `IdGroup`, `idSchedule`, `scheduleDate`, `entryDate`) VALUES
(259, 22, 1, '2016-12-30', '2016-12-30 00:34:36'),
(260, 22, 4, '2016-12-30', '2016-12-30 00:34:36'),
(261, 22, 5, '2016-12-31', '2016-12-30 00:34:36'),
(262, 22, 6, '2017-01-01', '2016-12-30 00:34:36'),
(263, 22, 7, '2017-01-02', '2016-12-30 00:34:36'),
(264, 22, 3, '2017-01-03', '2016-12-30 00:34:36'),
(265, 22, 2, '2017-01-04', '2016-12-30 00:34:36'),
(266, 22, 1, '2017-01-05', '2016-12-30 00:34:36'),
(267, 22, 4, '2017-01-05', '2016-12-30 00:34:36'),
(268, 22, 5, '2017-01-06', '2016-12-30 00:34:36'),
(269, 22, 6, '2017-01-07', '2016-12-30 00:34:36'),
(270, 22, 7, '2017-01-08', '2016-12-30 00:34:36'),
(271, 22, 3, '2017-01-09', '2016-12-30 00:34:36'),
(272, 22, 2, '2017-01-10', '2016-12-30 00:34:36'),
(273, 22, 1, '2017-01-11', '2016-12-30 00:34:36'),
(274, 22, 4, '2017-01-11', '2016-12-30 00:34:36'),
(275, 22, 5, '2017-01-12', '2016-12-30 00:34:36'),
(276, 22, 6, '2017-01-13', '2016-12-30 00:34:36'),
(277, 22, 7, '2017-01-14', '2016-12-30 00:34:36'),
(278, 22, 3, '2017-01-15', '2016-12-30 00:34:36'),
(279, 22, 2, '2017-01-16', '2016-12-30 00:34:36'),
(280, 22, 1, '2017-01-17', '2016-12-30 00:34:36'),
(281, 22, 4, '2017-01-17', '2016-12-30 00:34:36'),
(282, 22, 5, '2017-01-18', '2016-12-30 00:34:36'),
(283, 22, 6, '2017-01-19', '2016-12-30 00:34:36'),
(284, 22, 7, '2017-01-20', '2016-12-30 00:34:36'),
(285, 22, 3, '2017-01-21', '2016-12-30 00:34:36'),
(286, 22, 2, '2017-01-22', '2016-12-30 00:34:37'),
(287, 22, 1, '2017-01-23', '2016-12-30 00:34:37'),
(288, 22, 4, '2017-01-23', '2016-12-30 00:34:37'),
(289, 22, 5, '2017-01-24', '2016-12-30 00:34:37'),
(290, 22, 6, '2017-01-25', '2016-12-30 00:34:37'),
(291, 22, 7, '2017-01-26', '2016-12-30 00:34:37'),
(292, 22, 3, '2017-01-27', '2016-12-30 00:34:37'),
(293, 22, 2, '2017-01-28', '2016-12-30 00:34:37'),
(294, 22, 1, '2017-01-29', '2016-12-30 00:34:37'),
(295, 22, 4, '2017-01-29', '2016-12-30 00:34:37'),
(296, 22, 5, '2017-01-30', '2016-12-30 00:34:37');

-- --------------------------------------------------------

--
-- Estrutura da tabela `groups`
--

CREATE TABLE `groups` (
  `idGroup` int(5) NOT NULL,
  `groupName` varchar(5) NOT NULL
) ENGINE=InnoDB DEFAULT CHARSET=latin1;

--
-- Extraindo dados da tabela `groups`
--

INSERT INTO `groups` (`idGroup`, `groupName`) VALUES
(22, 'A'),
(23, 'B'),
(27, 'C'),
(28, 'D');

-- --------------------------------------------------------

--
-- Estrutura da tabela `memberentries`
--

CREATE TABLE `memberentries` (
  `idRecord` int(21) NOT NULL,
  `IdUser` int(11) NOT NULL,
  `idSchedule` int(11) NOT NULL,
  `scheduledate` date NOT NULL,
  `idManager` int(11) NOT NULL,
  `entryDate` timestamp NOT NULL DEFAULT CURRENT_TIMESTAMP
) ENGINE=InnoDB DEFAULT CHARSET=latin1;

--
-- Extraindo dados da tabela `memberentries`
--

INSERT INTO `memberentries` (`idRecord`, `IdUser`, `idSchedule`, `scheduledate`, `idManager`, `entryDate`) VALUES
(397, 47, 1, '2016-12-30', 43, '2016-12-30 00:34:37'),
(398, 47, 4, '2016-12-30', 43, '2016-12-30 00:34:37'),
(399, 47, 5, '2016-12-31', 43, '2016-12-30 00:34:37'),
(400, 47, 6, '2017-01-01', 43, '2016-12-30 00:34:37'),
(401, 47, 7, '2017-01-02', 43, '2016-12-30 00:34:37'),
(402, 47, 3, '2017-01-03', 43, '2016-12-30 00:34:37'),
(403, 47, 2, '2017-01-04', 43, '2016-12-30 00:34:37'),
(404, 47, 1, '2017-01-05', 43, '2016-12-30 00:34:37'),
(405, 47, 4, '2017-01-05', 43, '2016-12-30 00:34:37'),
(406, 47, 5, '2017-01-06', 43, '2016-12-30 00:34:38'),
(407, 47, 6, '2017-01-07', 43, '2016-12-30 00:34:38'),
(408, 47, 7, '2017-01-08', 43, '2016-12-30 00:34:38'),
(409, 47, 3, '2017-01-09', 43, '2016-12-30 00:34:38'),
(410, 47, 2, '2017-01-10', 43, '2016-12-30 00:34:38'),
(411, 47, 1, '2017-01-11', 43, '2016-12-30 00:34:38'),
(412, 47, 4, '2017-01-11', 43, '2016-12-30 00:34:38'),
(413, 47, 5, '2017-01-12', 43, '2016-12-30 00:34:38'),
(414, 47, 6, '2017-01-13', 43, '2016-12-30 00:34:38'),
(415, 47, 7, '2017-01-14', 43, '2016-12-30 00:34:38'),
(416, 47, 3, '2017-01-15', 43, '2016-12-30 00:34:38'),
(417, 47, 2, '2017-01-16', 43, '2016-12-30 00:34:38'),
(418, 47, 1, '2017-01-17', 43, '2016-12-30 00:34:38'),
(419, 47, 4, '2017-01-17', 43, '2016-12-30 00:34:38'),
(420, 47, 5, '2017-01-18', 43, '2016-12-30 00:34:38'),
(421, 47, 6, '2017-01-19', 43, '2016-12-30 00:34:38'),
(422, 47, 7, '2017-01-20', 43, '2016-12-30 00:34:38'),
(423, 47, 3, '2017-01-21', 43, '2016-12-30 00:34:38'),
(424, 47, 2, '2017-01-22', 43, '2016-12-30 00:34:38'),
(425, 47, 1, '2017-01-23', 43, '2016-12-30 00:34:39'),
(426, 47, 4, '2017-01-23', 43, '2016-12-30 00:34:39'),
(427, 47, 5, '2017-01-24', 43, '2016-12-30 00:34:39'),
(428, 47, 6, '2017-01-25', 43, '2016-12-30 00:34:39'),
(429, 47, 7, '2017-01-26', 43, '2016-12-30 00:34:39'),
(430, 47, 3, '2017-01-27', 43, '2016-12-30 00:34:39'),
(431, 47, 2, '2017-01-28', 43, '2016-12-30 00:34:39'),
(432, 47, 1, '2017-01-29', 43, '2016-12-30 00:34:39'),
(433, 47, 4, '2017-01-29', 43, '2016-12-30 00:34:39'),
(434, 47, 5, '2017-01-30', 43, '2016-12-30 00:34:39'),
(435, 48, 1, '2016-12-30', 43, '2016-12-30 00:34:39'),
(436, 48, 4, '2016-12-30', 43, '2016-12-30 00:34:39'),
(437, 48, 5, '2016-12-31', 43, '2016-12-30 00:34:39'),
(438, 48, 6, '2017-01-01', 43, '2016-12-30 00:34:39'),
(439, 48, 7, '2017-01-02', 43, '2016-12-30 00:34:39'),
(440, 48, 3, '2017-01-03', 43, '2016-12-30 00:34:39'),
(441, 48, 2, '2017-01-04', 43, '2016-12-30 00:34:39'),
(442, 48, 1, '2017-01-05', 43, '2016-12-30 00:34:39'),
(443, 48, 4, '2017-01-05', 43, '2016-12-30 00:34:39'),
(444, 48, 5, '2017-01-06', 43, '2016-12-30 00:34:39'),
(445, 48, 6, '2017-01-07', 43, '2016-12-30 00:34:39'),
(446, 48, 7, '2017-01-08', 43, '2016-12-30 00:34:39'),
(447, 48, 3, '2017-01-09', 43, '2016-12-30 00:34:40'),
(448, 48, 2, '2017-01-10', 43, '2016-12-30 00:34:40'),
(449, 48, 1, '2017-01-11', 43, '2016-12-30 00:34:40'),
(450, 48, 4, '2017-01-11', 43, '2016-12-30 00:34:40'),
(451, 48, 5, '2017-01-12', 43, '2016-12-30 00:34:40'),
(452, 48, 6, '2017-01-13', 43, '2016-12-30 00:34:40'),
(453, 48, 7, '2017-01-14', 43, '2016-12-30 00:34:40'),
(454, 48, 3, '2017-01-15', 43, '2016-12-30 00:34:40'),
(455, 48, 2, '2017-01-16', 43, '2016-12-30 00:34:40'),
(456, 48, 1, '2017-01-17', 43, '2016-12-30 00:34:40'),
(457, 48, 4, '2017-01-17', 43, '2016-12-30 00:34:40'),
(458, 48, 5, '2017-01-18', 43, '2016-12-30 00:34:40'),
(459, 48, 6, '2017-01-19', 43, '2016-12-30 00:34:40'),
(460, 48, 7, '2017-01-20', 43, '2016-12-30 00:34:40'),
(461, 48, 3, '2017-01-21', 43, '2016-12-30 00:34:40'),
(462, 48, 2, '2017-01-22', 43, '2016-12-30 00:34:40'),
(463, 48, 1, '2017-01-23', 43, '2016-12-30 00:34:40'),
(464, 48, 4, '2017-01-23', 43, '2016-12-30 00:34:40'),
(465, 48, 5, '2017-01-24', 43, '2016-12-30 00:34:40'),
(466, 48, 6, '2017-01-25', 43, '2016-12-30 00:34:40'),
(467, 48, 7, '2017-01-26', 43, '2016-12-30 00:34:41'),
(468, 48, 3, '2017-01-27', 43, '2016-12-30 00:34:41'),
(469, 48, 2, '2017-01-28', 43, '2016-12-30 00:34:41'),
(470, 48, 1, '2017-01-29', 43, '2016-12-30 00:34:41'),
(471, 48, 4, '2017-01-29', 43, '2016-12-30 00:34:41'),
(472, 48, 5, '2017-01-30', 43, '2016-12-30 00:34:41'),
(473, 43, 1, '2016-12-30', 43, '2016-12-30 00:34:41'),
(474, 43, 4, '2016-12-30', 43, '2016-12-30 00:34:41'),
(475, 43, 5, '2016-12-31', 43, '2016-12-30 00:34:41'),
(476, 43, 6, '2017-01-01', 43, '2016-12-30 00:34:41'),
(477, 43, 7, '2017-01-02', 43, '2016-12-30 00:34:41'),
(478, 43, 3, '2017-01-03', 43, '2016-12-30 00:34:41'),
(479, 43, 2, '2017-01-04', 43, '2016-12-30 00:34:41'),
(480, 43, 1, '2017-01-05', 43, '2016-12-30 00:34:41'),
(481, 43, 4, '2017-01-05', 43, '2016-12-30 00:34:41'),
(482, 43, 5, '2017-01-06', 43, '2016-12-30 00:34:41'),
(483, 43, 6, '2017-01-07', 43, '2016-12-30 00:34:41'),
(484, 43, 7, '2017-01-08', 43, '2016-12-30 00:34:41'),
(485, 43, 3, '2017-01-09', 43, '2016-12-30 00:34:41'),
(486, 43, 2, '2017-01-10', 43, '2016-12-30 00:34:41'),
(487, 43, 1, '2017-01-11', 43, '2016-12-30 00:34:41'),
(488, 43, 4, '2017-01-11', 43, '2016-12-30 00:34:41'),
(489, 43, 5, '2017-01-12', 43, '2016-12-30 00:34:41'),
(490, 43, 6, '2017-01-13', 43, '2016-12-30 00:34:42'),
(491, 43, 7, '2017-01-14', 43, '2016-12-30 00:34:42'),
(492, 43, 3, '2017-01-15', 43, '2016-12-30 00:34:42'),
(493, 43, 2, '2017-01-16', 43, '2016-12-30 00:34:42'),
(494, 43, 1, '2017-01-17', 43, '2016-12-30 00:34:42'),
(495, 43, 4, '2017-01-17', 43, '2016-12-30 00:34:42'),
(496, 43, 5, '2017-01-18', 43, '2016-12-30 00:34:42'),
(497, 43, 6, '2017-01-19', 43, '2016-12-30 00:34:42'),
(498, 43, 7, '2017-01-20', 43, '2016-12-30 00:34:42'),
(499, 43, 3, '2017-01-21', 43, '2016-12-30 00:34:42'),
(500, 43, 2, '2017-01-22', 43, '2016-12-30 00:34:42'),
(501, 43, 1, '2017-01-23', 43, '2016-12-30 00:34:42'),
(502, 43, 4, '2017-01-23', 43, '2016-12-30 00:34:42'),
(503, 43, 5, '2017-01-24', 43, '2016-12-30 00:34:42'),
(504, 43, 6, '2017-01-25', 43, '2016-12-30 00:34:42'),
(505, 43, 7, '2017-01-26', 43, '2016-12-30 00:34:42'),
(506, 43, 3, '2017-01-27', 43, '2016-12-30 00:34:42'),
(507, 43, 2, '2017-01-28', 43, '2016-12-30 00:34:42'),
(508, 43, 1, '2017-01-29', 43, '2016-12-30 00:34:42'),
(509, 43, 4, '2017-01-29', 43, '2016-12-30 00:34:42'),
(510, 43, 5, '2017-01-30', 43, '2016-12-30 00:34:42');

-- --------------------------------------------------------

--
-- Estrutura da tabela `permissions`
--

CREATE TABLE `permissions` (
  `idPermission` int(11) NOT NULL,
  `name` int(11) NOT NULL
) ENGINE=InnoDB DEFAULT CHARSET=latin1;

-- --------------------------------------------------------

--
-- Estrutura da tabela `schedule`
--

CREATE TABLE `schedule` (
  `idSchedule` int(11) NOT NULL,
  `name` varchar(20) NOT NULL,
  `duration` int(11) NOT NULL
) ENGINE=InnoDB DEFAULT CHARSET=latin1;

--
-- Extraindo dados da tabela `schedule`
--

INSERT INTO `schedule` (`idSchedule`, `name`, `duration`) VALUES
(1, '07:00-13:00', 6),
(2, '13:00-18:00', 5),
(3, '18:00-23:00', 5),
(4, '23:00-07:00', 8);

-- --------------------------------------------------------

--
-- Estrutura da tabela `users`
--

CREATE TABLE `users` (
  `idUser` int(5) NOT NULL,
  `username` varchar(32) COLLATE latin1_general_ci NOT NULL DEFAULT '',
  `fullname` varchar(50) COLLATE latin1_general_ci NOT NULL DEFAULT '',
  `email` varchar(100) COLLATE latin1_general_ci NOT NULL DEFAULT '',
  `password` varchar(32) COLLATE latin1_general_ci NOT NULL DEFAULT '',
  `idPermission` int(11) NOT NULL,
  `registerDate` timestamp NOT NULL DEFAULT CURRENT_TIMESTAMP,
  `lastLogin` datetime NOT NULL DEFAULT '0000-00-00 00:00:00',
  `nickname` varchar(50) COLLATE latin1_general_ci NOT NULL,
  `idGroup` int(10) DEFAULT NULL
) ENGINE=MyISAM DEFAULT CHARSET=latin1 COLLATE=latin1_general_ci;

--
-- Extraindo dados da tabela `users`
--

INSERT INTO `users` (`idUser`, `username`, `fullname`, `email`, `password`, `idPermission`, `registerDate`, `lastLogin`, `nickname`, `idGroup`) VALUES
(43, 'cris', 'Cristian Leandro da Fonseca', 'cristian_frod@hotmail.com', 'caf1a3dfb505ffed0d024130f58c5cfa', 2, '2016-12-10 06:14:01', '2016-12-10 05:18:02', 'DA FONSECA', 22),
(47, 'a', 'a', 'asd@hotmail.com', '202cb962ac59075b964b07152d234b70', 2, '2016-12-13 22:01:48', '0000-00-00 00:00:00', 'teste1', 22),
(48, 'b', 'b', 'b@hotmail.com', '202cb962ac59075b964b07152d234b70', 2, '2016-12-13 22:01:57', '0000-00-00 00:00:00', 'TERCEIRO 3', 22);

--
-- Indexes for dumped tables
--

--
-- Indexes for table `exchangentries`
--
ALTER TABLE `exchangentries`
  ADD PRIMARY KEY (`idRecord`);

--
-- Indexes for table `exchanges`
--
ALTER TABLE `exchanges`
  ADD PRIMARY KEY (`idRecord`);

--
-- Indexes for table `groupentries`
--
ALTER TABLE `groupentries`
  ADD PRIMARY KEY (`idRecord`);

--
-- Indexes for table `groups`
--
ALTER TABLE `groups`
  ADD PRIMARY KEY (`idGroup`);

--
-- Indexes for table `memberentries`
--
ALTER TABLE `memberentries`
  ADD PRIMARY KEY (`idRecord`),
  ADD KEY `IdUser` (`IdUser`),
  ADD KEY `idEscala` (`idSchedule`);

--
-- Indexes for table `permissions`
--
ALTER TABLE `permissions`
  ADD PRIMARY KEY (`idPermission`);

--
-- Indexes for table `schedule`
--
ALTER TABLE `schedule`
  ADD PRIMARY KEY (`idSchedule`);

--
-- Indexes for table `users`
--
ALTER TABLE `users`
  ADD PRIMARY KEY (`idUser`),
  ADD KEY `idGroup` (`idGroup`);

--
-- AUTO_INCREMENT for dumped tables
--

--
-- AUTO_INCREMENT for table `exchangentries`
--
ALTER TABLE `exchangentries`
  MODIFY `idRecord` int(21) NOT NULL AUTO_INCREMENT, AUTO_INCREMENT=511;
--
-- AUTO_INCREMENT for table `exchanges`
--
ALTER TABLE `exchanges`
  MODIFY `idRecord` int(21) NOT NULL AUTO_INCREMENT, AUTO_INCREMENT=398;
--
-- AUTO_INCREMENT for table `groupentries`
--
ALTER TABLE `groupentries`
  MODIFY `idRecord` int(11) NOT NULL AUTO_INCREMENT, AUTO_INCREMENT=297;
--
-- AUTO_INCREMENT for table `groups`
--
ALTER TABLE `groups`
  MODIFY `idGroup` int(5) NOT NULL AUTO_INCREMENT, AUTO_INCREMENT=29;
--
-- AUTO_INCREMENT for table `memberentries`
--
ALTER TABLE `memberentries`
  MODIFY `idRecord` int(21) NOT NULL AUTO_INCREMENT, AUTO_INCREMENT=511;
--
-- AUTO_INCREMENT for table `permissions`
--
ALTER TABLE `permissions`
  MODIFY `idPermission` int(11) NOT NULL AUTO_INCREMENT;
--
-- AUTO_INCREMENT for table `schedule`
--
ALTER TABLE `schedule`
  MODIFY `idSchedule` int(11) NOT NULL AUTO_INCREMENT, AUTO_INCREMENT=5;
--
-- AUTO_INCREMENT for table `users`
--
ALTER TABLE `users`
  MODIFY `idUser` int(5) NOT NULL AUTO_INCREMENT, AUTO_INCREMENT=49;
/*!40101 SET CHARACTER_SET_CLIENT=@OLD_CHARACTER_SET_CLIENT */;
/*!40101 SET CHARACTER_SET_RESULTS=@OLD_CHARACTER_SET_RESULTS */;
/*!40101 SET COLLATION_CONNECTION=@OLD_COLLATION_CONNECTION */;
